{
  "IcoMoonType": "selection",
  "icons": [
    {
      "icon": {
        "paths": [
          "M128 554.667h768c23.552 0 42.667-19.115 42.667-42.667s-19.115-42.667-42.667-42.667h-768c-23.552 0-42.667 19.115-42.667 42.667s19.115 42.667 42.667 42.667zM128 298.667h768c23.552 0 42.667-19.115 42.667-42.667s-19.115-42.667-42.667-42.667h-768c-23.552 0-42.667 19.115-42.667 42.667s19.115 42.667 42.667 42.667zM128 810.667h768c23.552 0 42.667-19.115 42.667-42.667s-19.115-42.667-42.667-42.667h-768c-23.552 0-42.667 19.115-42.667 42.667s19.115 42.667 42.667 42.667z"
        ],
        "attrs": [
          {}
        ],
        "isMulticolor": false,
        "isMulticolor2": false,
        "tags": [
          "menu"
        ],
        "grid": 24
      },
      "attrs": [
        {}
      ],
      "properties": {
        "order": 2,
        "id": 0,
        "name": "menu",
        "prevSize": 32
      },
      "setIdx": 0,
      "setId": 1,
      "iconIdx": 0
    }
  ],
  "height": 1024,
  "preferences": {
    "showGlyphs": true,
    "showQuickUse": true,
    "showQuickUse2": true,
    "showSVGs": true,
    "fontPref": {
      "prefix": "icon-",
      "metadata": {
        "fontFamily": "icomoon"
      },
      "metrics": {
        "emSize": 1024,
        "baseline": 6.25,
        "whitespace": 50
      },
      "embed": false
    },
    "imagePref": {
      "prefix": "",
      "png": true,
      "useClassSelector": true,
      "color": 0,
      "bgColor": 16777215,
      "classSelector": ".icon",
      "name": "icomoon",
      "height": 32,
      "columns": 16,
      "margin": 16,
      "minifyJs": false,
      "addBgColor": false,
      "overrideSize": true
    },
    "historySize": 50,
    "showCodes": true,
    "gridSize": 16
  }
}